ko00010	Glycolysis / Gluconeogenesis	2022-12-26 00:00:00.000000	2022-12-26 00:00:00.000000
ko00020	Citrate cycle (TCA cycle)	2022-12-26 00:00:00.000000	2022-12-26 00:00:00.000000
ko00030	Pentose phosphate pathway	2022-12-26 00:00:00.000000	2022-12-26 00:00:00.000000
ko00040	Pentose and glucuronate interconversions	2022-12-26 00:00:00.000000	2022-12-26 00:00:00.000000
ko00051	Fructose and mannose metabolism	2022-12-26 00:00:00.000000	2022-12-26 00:00:00.000000
ko00052	Galactose metabolism	2022-12-26 00:00:00.000000	2022-12-26 00:00:00.000000
ko00053	Ascorbate and aldarate metabolism	2022-12-26 00:00:00.000000	2022-12-26 00:00:00.000000
ko00061	Fatty acid biosynthesis	2022-12-26 00:00:00.000000	2022-12-26 00:00:00.000000
ko00062	Fatty acid elongation	2022-12-26 00:00:00.000000	2022-12-26 00:00:00.000000
ko00071	Fatty acid degradation	2022-12-26 00:00:00.000000	2022-12-26 00:00:00.000000
ko00073	Cutin, suberine and wax biosynthesis	2022-12-26 00:00:00.000000	2022-12-26 00:00:00.000000
ko00074	Mycolic acid biosynthesis	2022-12-26 00:00:00.000000	2022-12-26 00:00:00.000000
ko00100	Steroid biosynthesis	2022-12-26 00:00:00.000000	2022-12-26 00:00:00.000000
ko00120	Primary bile acid biosynthesis	2022-12-26 00:00:00.000000	2022-12-26 00:00:00.000000
ko00121	Secondary bile acid biosynthesis	2022-12-26 00:00:00.000000	2022-12-26 00:00:00.000000
ko00130	Ubiquinone and other terpenoid-quinone biosynthesis	2022-12-26 00:00:00.000000	2022-12-26 00:00:00.000000
ko00140	Steroid hormone biosynthesis	2022-12-26 00:00:00.000000	2022-12-26 00:00:00.000000
ko00190	Oxidative phosphorylation	2022-12-26 00:00:00.000000	2022-12-26 00:00:00.000000
ko00194	Photosynthesis proteins	2022-12-26 00:00:00.000000	2022-12-26 00:00:00.000000
ko00195	Photosynthesis	2022-12-26 00:00:00.000000	2022-12-26 00:00:00.000000
ko00196	Photosynthesis - antenna proteins	2022-12-26 00:00:00.000000	2022-12-26 00:00:00.000000
ko00199	Cytochrome P450	2022-12-26 00:00:00.000000	2022-12-26 00:00:00.000000
ko00220	Arginine biosynthesis	2022-12-26 00:00:00.000000	2022-12-26 00:00:00.000000
ko00230	Purine metabolism	2022-12-26 00:00:00.000000	2022-12-26 00:00:00.000000
ko00232	Caffeine metabolism	2022-12-26 00:00:00.000000	2022-12-26 00:00:00.000000
ko00240	Pyrimidine metabolism	2022-12-26 00:00:00.000000	2022-12-26 00:00:00.000000
ko00250	Alanine, aspartate and glutamate metabolism	2022-12-26 00:00:00.000000	2022-12-26 00:00:00.000000
ko00253	Tetracycline biosynthesis	2022-12-26 00:00:00.000000	2022-12-26 00:00:00.000000
ko00254	Aflatoxin biosynthesis	2022-12-26 00:00:00.000000	2022-12-26 00:00:00.000000
ko00260	Glycine, serine and threonine metabolism	2022-12-26 00:00:00.000000	2022-12-26 00:00:00.000000
ko00261	Monobactam biosynthesis	2022-12-26 00:00:00.000000	2022-12-26 00:00:00.000000
ko00270	Cysteine and methionine metabolism	2022-12-26 00:00:00.000000	2022-12-26 00:00:00.000000
ko00280	Valine, leucine and isoleucine degradation	2022-12-26 00:00:00.000000	2022-12-26 00:00:00.000000
ko00290	Valine, leucine and isoleucine biosynthesis	2022-12-26 00:00:00.000000	2022-12-26 00:00:00.000000
ko00300	Lysine biosynthesis	2022-12-26 00:00:00.000000	2022-12-26 00:00:00.000000
ko00310	Lysine degradation	2022-12-26 00:00:00.000000	2022-12-26 00:00:00.000000
ko00311	Penicillin and cephalosporin biosynthesis	2022-12-26 00:00:00.000000	2022-12-26 00:00:00.000000
ko00330	Arginine and proline metabolism	2022-12-26 00:00:00.000000	2022-12-26 00:00:00.000000
ko00331	Clavulanic acid biosynthesis	2022-12-26 00:00:00.000000	2022-12-26 00:00:00.000000
ko00332	Carbapenem biosynthesis	2022-12-26 00:00:00.000000	2022-12-26 00:00:00.000000
ko00333	Prodigiosin biosynthesis	2022-12-26 00:00:00.000000	2022-12-26 00:00:00.000000
ko00340	Histidine metabolism	2022-12-26 00:00:00.000000	2022-12-26 00:00:00.000000
ko00350	Tyrosine metabolism	2022-12-26 00:00:00.000000	2022-12-26 00:00:00.000000
ko00360	Phenylalanine metabolism	2022-12-26 00:00:00.000000	2022-12-26 00:00:00.000000
ko00361	Chlorocyclohexane and chlorobenzene degradation	2022-12-26 00:00:00.000000	2022-12-26 00:00:00.000000
ko00362	Benzoate degradation	2022-12-26 00:00:00.000000	2022-12-26 00:00:00.000000
ko00363	Bisphenol degradation	2022-12-26 00:00:00.000000	2022-12-26 00:00:00.000000
ko00364	Fluorobenzoate degradation	2022-12-26 00:00:00.000000	2022-12-26 00:00:00.000000
ko00365	Furfural degradation	2022-12-26 00:00:00.000000	2022-12-26 00:00:00.000000
ko00380	Tryptophan metabolism	2022-12-26 00:00:00.000000	2022-12-26 00:00:00.000000
ko00400	Phenylalanine, tyrosine and tryptophan biosynthesis	2022-12-26 00:00:00.000000	2022-12-26 00:00:00.000000
ko00401	Novobiocin biosynthesis	2022-12-26 00:00:00.000000	2022-12-26 00:00:00.000000
ko00402	Benzoxazinoid biosynthesis	2022-12-26 00:00:00.000000	2022-12-26 00:00:00.000000
ko00403	Indole diterpene alkaloid biosynthesis	2022-12-26 00:00:00.000000	2022-12-26 00:00:00.000000
ko00404	Staurosporine biosynthesis	2022-12-26 00:00:00.000000	2022-12-26 00:00:00.000000
ko00405	Phenazine biosynthesis	2022-12-26 00:00:00.000000	2022-12-26 00:00:00.000000
ko00410	beta-Alanine metabolism	2022-12-26 00:00:00.000000	2022-12-26 00:00:00.000000
ko00430	Taurine and hypotaurine metabolism	2022-12-26 00:00:00.000000	2022-12-26 00:00:00.000000
ko00440	Phosphonate and phosphinate metabolism	2022-12-26 00:00:00.000000	2022-12-26 00:00:00.000000
ko00450	Selenocompound metabolism	2022-12-26 00:00:00.000000	2022-12-26 00:00:00.000000
ko00460	Cyanoamino acid metabolism	2022-12-26 00:00:00.000000	2022-12-26 00:00:00.000000
ko00470	D-Amino acid metabolism	2022-12-26 00:00:00.000000	2022-12-26 00:00:00.000000
ko00480	Glutathione metabolism	2022-12-26 00:00:00.000000	2022-12-26 00:00:00.000000
ko00500	Starch and sucrose metabolism	2022-12-26 00:00:00.000000	2022-12-26 00:00:00.000000
ko00510	N-Glycan biosynthesis	2022-12-26 00:00:00.000000	2022-12-26 00:00:00.000000
ko00511	Other glycan degradation	2022-12-26 00:00:00.000000	2022-12-26 00:00:00.000000
ko00512	Mucin type O-glycan biosynthesis	2022-12-26 00:00:00.000000	2022-12-26 00:00:00.000000
ko00513	Various types of N-glycan biosynthesis	2022-12-26 00:00:00.000000	2022-12-26 00:00:00.000000
ko00514	Other types of O-glycan biosynthesis	2022-12-26 00:00:00.000000	2022-12-26 00:00:00.000000
ko00515	Mannose type O-glycan biosynthesis	2022-12-26 00:00:00.000000	2022-12-26 00:00:00.000000
ko00520	Amino sugar and nucleotide sugar metabolism	2022-12-26 00:00:00.000000	2022-12-26 00:00:00.000000
ko00521	Streptomycin biosynthesis	2022-12-26 00:00:00.000000	2022-12-26 00:00:00.000000
ko00522	Biosynthesis of 12-, 14- and 16-membered macrolides	2022-12-26 00:00:00.000000	2022-12-26 00:00:00.000000
ko00523	Polyketide sugar unit biosynthesis	2022-12-26 00:00:00.000000	2022-12-26 00:00:00.000000
ko00524	Neomycin, kanamycin and gentamicin biosynthesis	2022-12-26 00:00:00.000000	2022-12-26 00:00:00.000000
ko00525	Acarbose and validamycin biosynthesis	2022-12-26 00:00:00.000000	2022-12-26 00:00:00.000000
ko00531	Glycosaminoglycan degradation	2022-12-26 00:00:00.000000	2022-12-26 00:00:00.000000
ko00532	Glycosaminoglycan biosynthesis - chondroitin sulfate / dermatan sulfate	2022-12-26 00:00:00.000000	2022-12-26 00:00:00.000000
ko00533	Glycosaminoglycan biosynthesis - keratan sulfate	2022-12-26 00:00:00.000000	2022-12-26 00:00:00.000000
ko00534	Glycosaminoglycan biosynthesis - heparan sulfate / heparin	2022-12-26 00:00:00.000000	2022-12-26 00:00:00.000000
ko00535	Proteoglycans	2022-12-26 00:00:00.000000	2022-12-26 00:00:00.000000
ko00536	Glycosaminoglycan binding proteins	2022-12-26 00:00:00.000000	2022-12-26 00:00:00.000000
ko00537	Glycosylphosphatidylinositol (GPI)-anchored proteins	2022-12-26 00:00:00.000000	2022-12-26 00:00:00.000000
ko00540	Lipopolysaccharide biosynthesis	2022-12-26 00:00:00.000000	2022-12-26 00:00:00.000000
ko00541	Biosynthesis of various nucleotide sugars	2022-12-26 00:00:00.000000	2022-12-26 00:00:00.000000
ko00542	O-Antigen repeat unit biosynthesis	2022-12-26 00:00:00.000000	2022-12-26 00:00:00.000000
ko00543	Exopolysaccharide biosynthesis	2022-12-26 00:00:00.000000	2022-12-26 00:00:00.000000
ko00550	Peptidoglycan biosynthesis	2022-12-26 00:00:00.000000	2022-12-26 00:00:00.000000
ko00552	Teichoic acid biosynthesis	2022-12-26 00:00:00.000000	2022-12-26 00:00:00.000000
ko00561	Glycerolipid metabolism	2022-12-26 00:00:00.000000	2022-12-26 00:00:00.000000
ko00562	Inositol phosphate metabolism	2022-12-26 00:00:00.000000	2022-12-26 00:00:00.000000
ko00563	Glycosylphosphatidylinositol (GPI)-anchor biosynthesis	2022-12-26 00:00:00.000000	2022-12-26 00:00:00.000000
ko00564	Glycerophospholipid metabolism	2022-12-26 00:00:00.000000	2022-12-26 00:00:00.000000
ko00565	Ether lipid metabolism	2022-12-26 00:00:00.000000	2022-12-26 00:00:00.000000
ko00571	Lipoarabinomannan (LAM) biosynthesis	2022-12-26 00:00:00.000000	2022-12-26 00:00:00.000000
ko00572	Arabinogalactan biosynthesis - Mycobacterium	2022-12-26 00:00:00.000000	2022-12-26 00:00:00.000000
ko00590	Arachidonic acid metabolism	2022-12-26 00:00:00.000000	2022-12-26 00:00:00.000000
ko00591	Linoleic acid metabolism	2022-12-26 00:00:00.000000	2022-12-26 00:00:00.000000
ko00592	alpha-Linolenic acid metabolism	2022-12-26 00:00:00.000000	2022-12-26 00:00:00.000000
ko00600	Sphingolipid metabolism	2022-12-26 00:00:00.000000	2022-12-26 00:00:00.000000
ko00601	Glycosphingolipid biosynthesis - lacto and neolacto series	2022-12-26 00:00:00.000000	2022-12-26 00:00:00.000000
ko00603	Glycosphingolipid biosynthesis - globo and isoglobo series	2022-12-26 00:00:00.000000	2022-12-26 00:00:00.000000
ko00604	Glycosphingolipid biosynthesis - ganglio series	2022-12-26 00:00:00.000000	2022-12-26 00:00:00.000000
ko00620	Pyruvate metabolism	2022-12-26 00:00:00.000000	2022-12-26 00:00:00.000000
ko00621	Dioxin degradation	2022-12-26 00:00:00.000000	2022-12-26 00:00:00.000000
ko00622	Xylene degradation	2022-12-26 00:00:00.000000	2022-12-26 00:00:00.000000
ko00623	Toluene degradation	2022-12-26 00:00:00.000000	2022-12-26 00:00:00.000000
ko00624	Polycyclic aromatic hydrocarbon degradation	2022-12-26 00:00:00.000000	2022-12-26 00:00:00.000000
ko00625	Chloroalkane and chloroalkene degradation	2022-12-26 00:00:00.000000	2022-12-26 00:00:00.000000
ko00626	Naphthalene degradation	2022-12-26 00:00:00.000000	2022-12-26 00:00:00.000000
ko00627	Aminobenzoate degradation	2022-12-26 00:00:00.000000	2022-12-26 00:00:00.000000
ko00630	Glyoxylate and dicarboxylate metabolism	2022-12-26 00:00:00.000000	2022-12-26 00:00:00.000000
ko00633	Nitrotoluene degradation	2022-12-26 00:00:00.000000	2022-12-26 00:00:00.000000
ko00640	Propanoate metabolism	2022-12-26 00:00:00.000000	2022-12-26 00:00:00.000000
ko00642	Ethylbenzene degradation	2022-12-26 00:00:00.000000	2022-12-26 00:00:00.000000
ko00643	Styrene degradation	2022-12-26 00:00:00.000000	2022-12-26 00:00:00.000000
ko00650	Butanoate metabolism	2022-12-26 00:00:00.000000	2022-12-26 00:00:00.000000
ko00660	C5-Branched dibasic acid metabolism	2022-12-26 00:00:00.000000	2022-12-26 00:00:00.000000
ko00670	One carbon pool by folate	2022-12-26 00:00:00.000000	2022-12-26 00:00:00.000000
ko00680	Methane metabolism	2022-12-26 00:00:00.000000	2022-12-26 00:00:00.000000
ko00710	Carbon fixation by Calvin cycle	2022-12-26 00:00:00.000000	2022-12-26 00:00:00.000000
ko00720	Other carbon fixation pathways	2022-12-26 00:00:00.000000	2022-12-26 00:00:00.000000
ko00730	Thiamine metabolism	2022-12-26 00:00:00.000000	2022-12-26 00:00:00.000000
ko00740	Riboflavin metabolism	2022-12-26 00:00:00.000000	2022-12-26 00:00:00.000000
ko00750	Vitamin B6 metabolism	2022-12-26 00:00:00.000000	2022-12-26 00:00:00.000000
ko00760	Nicotinate and nicotinamide metabolism	2022-12-26 00:00:00.000000	2022-12-26 00:00:00.000000
ko00770	Pantothenate and CoA biosynthesis	2022-12-26 00:00:00.000000	2022-12-26 00:00:00.000000
ko00780	Biotin metabolism	2022-12-26 00:00:00.000000	2022-12-26 00:00:00.000000
ko00785	Lipoic acid metabolism	2022-12-26 00:00:00.000000	2022-12-26 00:00:00.000000
ko00790	Folate biosynthesis	2022-12-26 00:00:00.000000	2022-12-26 00:00:00.000000
ko00791	Atrazine degradation	2022-12-26 00:00:00.000000	2022-12-26 00:00:00.000000
ko00830	Retinol metabolism	2022-12-26 00:00:00.000000	2022-12-26 00:00:00.000000
ko00860	Porphyrin metabolism	2022-12-26 00:00:00.000000	2022-12-26 00:00:00.000000
ko00900	Terpenoid backbone biosynthesis	2022-12-26 00:00:00.000000	2022-12-26 00:00:00.000000
ko00901	Indole alkaloid biosynthesis	2022-12-26 00:00:00.000000	2022-12-26 00:00:00.000000
ko00902	Monoterpenoid biosynthesis	2022-12-26 00:00:00.000000	2022-12-26 00:00:00.000000
ko00903	Limonene degradation	2022-12-26 00:00:00.000000	2022-12-26 00:00:00.000000
ko00904	Diterpenoid biosynthesis	2022-12-26 00:00:00.000000	2022-12-26 00:00:00.000000
ko00905	Brassinosteroid biosynthesis	2022-12-26 00:00:00.000000	2022-12-26 00:00:00.000000
ko00906	Carotenoid biosynthesis	2022-12-26 00:00:00.000000	2022-12-26 00:00:00.000000
ko00907	Pinene, camphor and geraniol degradation	2022-12-26 00:00:00.000000	2022-12-26 00:00:00.000000
ko00908	Zeatin biosynthesis	2022-12-26 00:00:00.000000	2022-12-26 00:00:00.000000
ko00909	Sesquiterpenoid and triterpenoid biosynthesis	2022-12-26 00:00:00.000000	2022-12-26 00:00:00.000000
ko00910	Nitrogen metabolism	2022-12-26 00:00:00.000000	2022-12-26 00:00:00.000000
ko00920	Sulfur metabolism	2022-12-26 00:00:00.000000	2022-12-26 00:00:00.000000
ko00930	Caprolactam degradation	2022-12-26 00:00:00.000000	2022-12-26 00:00:00.000000
ko00940	Phenylpropanoid biosynthesis	2022-12-26 00:00:00.000000	2022-12-26 00:00:00.000000
ko00941	Flavonoid biosynthesis	2022-12-26 00:00:00.000000	2022-12-26 00:00:00.000000
ko00942	Anthocyanin biosynthesis	2022-12-26 00:00:00.000000	2022-12-26 00:00:00.000000
ko00943	Isoflavonoid biosynthesis	2022-12-26 00:00:00.000000	2022-12-26 00:00:00.000000
ko00944	Flavone and flavonol biosynthesis	2022-12-26 00:00:00.000000	2022-12-26 00:00:00.000000
ko00945	Stilbenoid, diarylheptanoid and gingerol biosynthesis	2022-12-26 00:00:00.000000	2022-12-26 00:00:00.000000
ko00946	Degradation of flavonoids	2022-12-26 00:00:00.000000	2022-12-26 00:00:00.000000
ko00950	Isoquinoline alkaloid biosynthesis	2022-12-26 00:00:00.000000	2022-12-26 00:00:00.000000
ko00960	Tropane, piperidine and pyridine alkaloid biosynthesis	2022-12-26 00:00:00.000000	2022-12-26 00:00:00.000000
ko00965	Betalain biosynthesis	2022-12-26 00:00:00.000000	2022-12-26 00:00:00.000000
ko00966	Glucosinolate biosynthesis	2022-12-26 00:00:00.000000	2022-12-26 00:00:00.000000
ko00970	Aminoacyl-tRNA biosynthesis	2022-12-26 00:00:00.000000	2022-12-26 00:00:00.000000
ko00980	Metabolism of xenobiotics by cytochrome P450	2022-12-26 00:00:00.000000	2022-12-26 00:00:00.000000
ko00981	Insect hormone biosynthesis	2022-12-26 00:00:00.000000	2022-12-26 00:00:00.000000
ko00982	Drug metabolism - cytochrome P450	2022-12-26 00:00:00.000000	2022-12-26 00:00:00.000000
ko00983	Drug metabolism - other enzymes	2022-12-26 00:00:00.000000	2022-12-26 00:00:00.000000
ko00984	Steroid degradation	2022-12-26 00:00:00.000000	2022-12-26 00:00:00.000000
ko00996	Biosynthesis of various alkaloids	2022-12-26 00:00:00.000000	2022-12-26 00:00:00.000000
ko00997	Biosynthesis of various other secondary metabolites	2022-12-26 00:00:00.000000	2022-12-26 00:00:00.000000
ko00998	Biosynthesis of various antibiotics	2022-12-26 00:00:00.000000	2022-12-26 00:00:00.000000
ko00999	Biosynthesis of various plant secondary metabolites	2022-12-26 00:00:00.000000	2022-12-26 00:00:00.000000
ko01001	Protein kinases	2022-12-26 00:00:00.000000	2022-12-26 00:00:00.000000
ko01002	Peptidases and inhibitors	2022-12-26 00:00:00.000000	2022-12-26 00:00:00.000000
ko01003	Glycosyltransferases	2022-12-26 00:00:00.000000	2022-12-26 00:00:00.000000
ko01004	Lipid biosynthesis proteins	2022-12-26 00:00:00.000000	2022-12-26 00:00:00.000000
ko01005	Lipopolysaccharide biosynthesis proteins	2022-12-26 00:00:00.000000	2022-12-26 00:00:00.000000
ko01006	Prenyltransferases	2022-12-26 00:00:00.000000	2022-12-26 00:00:00.000000
ko01007	Amino acid related enzymes	2022-12-26 00:00:00.000000	2022-12-26 00:00:00.000000
ko01008	Polyketide biosynthesis proteins	2022-12-26 00:00:00.000000	2022-12-26 00:00:00.000000
ko01009	Protein phosphatases and associated proteins	2022-12-26 00:00:00.000000	2022-12-26 00:00:00.000000
ko01011	Peptidoglycan biosynthesis and degradation proteins	2022-12-26 00:00:00.000000	2022-12-26 00:00:00.000000
ko01040	Biosynthesis of unsaturated fatty acids	2022-12-26 00:00:00.000000	2022-12-26 00:00:00.000000
ko01051	Biosynthesis of ansamycins	2022-12-26 00:00:00.000000	2022-12-26 00:00:00.000000
ko01052	Type I polyketide structures	2022-12-26 00:00:00.000000	2022-12-26 00:00:00.000000
ko01053	Biosynthesis of siderophore group nonribosomal peptides	2022-12-26 00:00:00.000000	2022-12-26 00:00:00.000000
ko01054	Nonribosomal peptide structures	2022-12-26 00:00:00.000000	2022-12-26 00:00:00.000000
ko01055	Biosynthesis of vancomycin group antibiotics	2022-12-26 00:00:00.000000	2022-12-26 00:00:00.000000
ko01056	Biosynthesis of type II polyketide backbone	2022-12-26 00:00:00.000000	2022-12-26 00:00:00.000000
ko01057	Biosynthesis of type II polyketide products	2022-12-26 00:00:00.000000	2022-12-26 00:00:00.000000
ko01059	Biosynthesis of enediyne antibiotics	2022-12-26 00:00:00.000000	2022-12-26 00:00:00.000000
ko01501	beta-Lactam resistance	2022-12-26 00:00:00.000000	2022-12-26 00:00:00.000000
ko01502	Vancomycin resistance	2022-12-26 00:00:00.000000	2022-12-26 00:00:00.000000
ko01503	Cationic antimicrobial peptide (CAMP) resistance	2022-12-26 00:00:00.000000	2022-12-26 00:00:00.000000
ko01504	Antimicrobial resistance genes	2022-12-26 00:00:00.000000	2022-12-26 00:00:00.000000
ko01521	EGFR tyrosine kinase inhibitor resistance	2022-12-26 00:00:00.000000	2022-12-26 00:00:00.000000
ko01522	Endocrine resistance	2022-12-26 00:00:00.000000	2022-12-26 00:00:00.000000
ko01523	Antifolate resistance	2022-12-26 00:00:00.000000	2022-12-26 00:00:00.000000
ko01524	Platinum drug resistance	2022-12-26 00:00:00.000000	2022-12-26 00:00:00.000000
ko02000	Transporters	2022-12-26 00:00:00.000000	2022-12-26 00:00:00.000000
ko02010	ABC transporters	2022-12-26 00:00:00.000000	2022-12-26 00:00:00.000000
ko02020	Two-component system	2022-12-26 00:00:00.000000	2022-12-26 00:00:00.000000
ko02022	Two-component system	2022-12-26 00:00:00.000000	2022-12-26 00:00:00.000000
ko02024	Quorum sensing	2022-12-26 00:00:00.000000	2022-12-26 00:00:00.000000
ko02025	Biofilm formation - Pseudomonas aeruginosa	2022-12-26 00:00:00.000000	2022-12-26 00:00:00.000000
ko02026	Biofilm formation - Escherichia coli	2022-12-26 00:00:00.000000	2022-12-26 00:00:00.000000
ko02030	Bacterial chemotaxis	2022-12-26 00:00:00.000000	2022-12-26 00:00:00.000000
ko02035	Bacterial motility proteins	2022-12-26 00:00:00.000000	2022-12-26 00:00:00.000000
ko02040	Flagellar assembly	2022-12-26 00:00:00.000000	2022-12-26 00:00:00.000000
ko02042	Bacterial toxins	2022-12-26 00:00:00.000000	2022-12-26 00:00:00.000000
ko02044	Secretion system	2022-12-26 00:00:00.000000	2022-12-26 00:00:00.000000
ko02048	Prokaryotic defense system	2022-12-26 00:00:00.000000	2022-12-26 00:00:00.000000
ko02060	Phosphotransferase system (PTS)	2022-12-26 00:00:00.000000	2022-12-26 00:00:00.000000
ko03000	Transcription factors	2022-12-26 00:00:00.000000	2022-12-26 00:00:00.000000
ko03008	Ribosome biogenesis in eukaryotes	2022-12-26 00:00:00.000000	2022-12-26 00:00:00.000000
ko03009	Ribosome biogenesis	2022-12-26 00:00:00.000000	2022-12-26 00:00:00.000000
ko03010	Ribosome	2022-12-26 00:00:00.000000	2022-12-26 00:00:00.000000
ko03011	Ribosome	2022-12-26 00:00:00.000000	2022-12-26 00:00:00.000000
ko03012	Translation factors	2022-12-26 00:00:00.000000	2022-12-26 00:00:00.000000
ko03013	Nucleocytoplasmic transport	2022-12-26 00:00:00.000000	2022-12-26 00:00:00.000000
ko03015	mRNA surveillance pathway	2022-12-26 00:00:00.000000	2022-12-26 00:00:00.000000
ko03016	Transfer RNA biogenesis	2022-12-26 00:00:00.000000	2022-12-26 00:00:00.000000
ko03018	RNA degradation	2022-12-26 00:00:00.000000	2022-12-26 00:00:00.000000
ko03019	Messenger RNA biogenesis	2022-12-26 00:00:00.000000	2022-12-26 00:00:00.000000
ko03020	RNA polymerase	2022-12-26 00:00:00.000000	2022-12-26 00:00:00.000000
ko03021	Transcription machinery	2022-12-26 00:00:00.000000	2022-12-26 00:00:00.000000
ko03022	Basal transcription factors	2022-12-26 00:00:00.000000	2022-12-26 00:00:00.000000
ko03029	Mitochondrial biogenesis	2022-12-26 00:00:00.000000	2022-12-26 00:00:00.000000
ko03030	DNA replication	2022-12-26 00:00:00.000000	2022-12-26 00:00:00.000000
ko03032	DNA replication proteins	2022-12-26 00:00:00.000000	2022-12-26 00:00:00.000000
ko03036	Chromosome and associated proteins	2022-12-26 00:00:00.000000	2022-12-26 00:00:00.000000
ko03037	Cilium and associated proteins	2022-12-26 00:00:00.000000	2022-12-26 00:00:00.000000
ko03040	Spliceosome	2022-12-26 00:00:00.000000	2022-12-26 00:00:00.000000
ko03041	Spliceosome	2022-12-26 00:00:00.000000	2022-12-26 00:00:00.000000
ko03050	Proteasome	2022-12-26 00:00:00.000000	2022-12-26 00:00:00.000000
ko03051	Proteasome	2022-12-26 00:00:00.000000	2022-12-26 00:00:00.000000
ko03060	Protein export	2022-12-26 00:00:00.000000	2022-12-26 00:00:00.000000
ko03070	Bacterial secretion system	2022-12-26 00:00:00.000000	2022-12-26 00:00:00.000000
ko03082	ATP-dependent chromatin remodeling	2022-12-26 00:00:00.000000	2022-12-26 00:00:00.000000
ko03083	Polycomb repressive complex	2022-12-26 00:00:00.000000	2022-12-26 00:00:00.000000
ko03100	Non-coding RNAs	2022-12-26 00:00:00.000000	2022-12-26 00:00:00.000000
ko03110	Chaperones and folding catalysts	2022-12-26 00:00:00.000000	2022-12-26 00:00:00.000000
ko03200	Viral proteins	2022-12-26 00:00:00.000000	2022-12-26 00:00:00.000000
ko03210	Viral fusion proteins	2022-12-26 00:00:00.000000	2022-12-26 00:00:00.000000
ko03230	Viral genome structure	2022-12-26 00:00:00.000000	2022-12-26 00:00:00.000000
ko03240	Viral replication	2022-12-26 00:00:00.000000	2022-12-26 00:00:00.000000
ko03250	Viral life cycle - HIV-1	2022-12-26 00:00:00.000000	2022-12-26 00:00:00.000000
ko03258	Virion - Bacteriophage lambda	2022-12-26 00:00:00.000000	2022-12-26 00:00:00.000000
ko03259	Virion - Bacteriophages T4 and T7	2022-12-26 00:00:00.000000	2022-12-26 00:00:00.000000
ko03260	Virion - Human immunodeficiency virus	2022-12-26 00:00:00.000000	2022-12-26 00:00:00.000000
ko03261	Virion - Influenza virus	2022-12-26 00:00:00.000000	2022-12-26 00:00:00.000000
ko03262	Virion - Coronavirus	2022-12-26 00:00:00.000000	2022-12-26 00:00:00.000000
ko03263	Virion - Enterovirus	2022-12-26 00:00:00.000000	2022-12-26 00:00:00.000000
ko03264	Virion - Flavivirus and Alphavirus	2022-12-26 00:00:00.000000	2022-12-26 00:00:00.000000
ko03265	Virion - Ebolavirus, Lyssavirus and Morbillivirus	2022-12-26 00:00:00.000000	2022-12-26 00:00:00.000000
ko03266	Virion - Herpesvirus	2022-12-26 00:00:00.000000	2022-12-26 00:00:00.000000
ko03267	Virion - Adenovirus	2022-12-26 00:00:00.000000	2022-12-26 00:00:00.000000
ko03268	Virion - Orthopoxvirus	2022-12-26 00:00:00.000000	2022-12-26 00:00:00.000000
ko03271	Virion - Rotavirus	2022-12-26 00:00:00.000000	2022-12-26 00:00:00.000000
ko03272	Virion - Hepatitis viruses	2022-12-26 00:00:00.000000	2022-12-26 00:00:00.000000
ko03273	Virion - Lassa virus and SFTS virus	2022-12-26 00:00:00.000000	2022-12-26 00:00:00.000000
ko03310	Nuclear receptors	2022-12-26 00:00:00.000000	2022-12-26 00:00:00.000000
ko03320	PPAR signaling pathway	2022-12-26 00:00:00.000000	2022-12-26 00:00:00.000000
ko03400	DNA repair and recombination proteins	2022-12-26 00:00:00.000000	2022-12-26 00:00:00.000000
ko03410	Base excision repair	2022-12-26 00:00:00.000000	2022-12-26 00:00:00.000000
ko03420	Nucleotide excision repair	2022-12-26 00:00:00.000000	2022-12-26 00:00:00.000000
ko03430	Mismatch repair	2022-12-26 00:00:00.000000	2022-12-26 00:00:00.000000
ko03440	Homologous recombination	2022-12-26 00:00:00.000000	2022-12-26 00:00:00.000000
ko03450	Non-homologous end-joining	2022-12-26 00:00:00.000000	2022-12-26 00:00:00.000000
ko03460	Fanconi anemia pathway	2022-12-26 00:00:00.000000	2022-12-26 00:00:00.000000
ko04010	MAPK signaling pathway	2022-12-26 00:00:00.000000	2022-12-26 00:00:00.000000
ko04011	MAPK signaling pathway - yeast	2022-12-26 00:00:00.000000	2022-12-26 00:00:00.000000
ko04012	ErbB signaling pathway	2022-12-26 00:00:00.000000	2022-12-26 00:00:00.000000
ko04013	MAPK signaling pathway - fly	2022-12-26 00:00:00.000000	2022-12-26 00:00:00.000000
ko04014	Ras signaling pathway	2022-12-26 00:00:00.000000	2022-12-26 00:00:00.000000
ko04015	Rap1 signaling pathway	2022-12-26 00:00:00.000000	2022-12-26 00:00:00.000000
ko04016	MAPK signaling pathway - plant	2022-12-26 00:00:00.000000	2022-12-26 00:00:00.000000
ko04020	Calcium signaling pathway	2022-12-26 00:00:00.000000	2022-12-26 00:00:00.000000
ko04022	cGMP-PKG signaling pathway	2022-12-26 00:00:00.000000	2022-12-26 00:00:00.000000
ko04024	cAMP signaling pathway	2022-12-26 00:00:00.000000	2022-12-26 00:00:00.000000
ko04030	G protein-coupled receptors	2022-12-26 00:00:00.000000	2022-12-26 00:00:00.000000
ko04031	GTP-binding proteins	2022-12-26 00:00:00.000000	2022-12-26 00:00:00.000000
ko04040	Ion channels	2022-12-26 00:00:00.000000	2022-12-26 00:00:00.000000
ko04050	Cytokine receptors	2022-12-26 00:00:00.000000	2022-12-26 00:00:00.000000
ko04052	Cytokines and neuropeptides	2022-12-26 00:00:00.000000	2022-12-26 00:00:00.000000
ko04054	Pattern recognition receptors	2022-12-26 00:00:00.000000	2022-12-26 00:00:00.000000
ko04060	Cytokine-cytokine receptor interaction	2022-12-26 00:00:00.000000	2022-12-26 00:00:00.000000
ko04061	Viral protein interaction with cytokine and cytokine receptor	2022-12-26 00:00:00.000000	2022-12-26 00:00:00.000000
ko04062	Chemokine signaling pathway	2022-12-26 00:00:00.000000	2022-12-26 00:00:00.000000
ko04064	NF-kappa B signaling pathway	2022-12-26 00:00:00.000000	2022-12-26 00:00:00.000000
ko04066	HIF-1 signaling pathway	2022-12-26 00:00:00.000000	2022-12-26 00:00:00.000000
ko04068	FoxO signaling pathway	2022-12-26 00:00:00.000000	2022-12-26 00:00:00.000000
ko04070	Phosphatidylinositol signaling system	2022-12-26 00:00:00.000000	2022-12-26 00:00:00.000000
ko04071	Sphingolipid signaling pathway	2022-12-26 00:00:00.000000	2022-12-26 00:00:00.000000
ko04072	Phospholipase D signaling pathway	2022-12-26 00:00:00.000000	2022-12-26 00:00:00.000000
ko04075	Plant hormone signal transduction	2022-12-26 00:00:00.000000	2022-12-26 00:00:00.000000
ko04080	Neuroactive ligand-receptor interaction	2022-12-26 00:00:00.000000	2022-12-26 00:00:00.000000
ko04081	Hormone signaling	2022-12-26 00:00:00.000000	2022-12-26 00:00:00.000000
ko04090	CD molecules	2022-12-26 00:00:00.000000	2022-12-26 00:00:00.000000
ko04091	Lectins	2022-12-26 00:00:00.000000	2022-12-26 00:00:00.000000
ko04110	Cell cycle	2022-12-26 00:00:00.000000	2022-12-26 00:00:00.000000
ko04111	Cell cycle - yeast	2022-12-26 00:00:00.000000	2022-12-26 00:00:00.000000
ko04112	Cell cycle - Caulobacter	2022-12-26 00:00:00.000000	2022-12-26 00:00:00.000000
ko04113	Meiosis - yeast	2022-12-26 00:00:00.000000	2022-12-26 00:00:00.000000
ko04114	Oocyte meiosis	2022-12-26 00:00:00.000000	2022-12-26 00:00:00.000000
ko04115	p53 signaling pathway	2022-12-26 00:00:00.000000	2022-12-26 00:00:00.000000
ko04120	Ubiquitin mediated proteolysis	2022-12-26 00:00:00.000000	2022-12-26 00:00:00.000000
ko04121	Ubiquitin system	2022-12-26 00:00:00.000000	2022-12-26 00:00:00.000000
ko04122	Sulfur relay system	2022-12-26 00:00:00.000000	2022-12-26 00:00:00.000000
ko04130	SNARE interactions in vesicular transport	2022-12-26 00:00:00.000000	2022-12-26 00:00:00.000000
ko04131	Membrane trafficking	2022-12-26 00:00:00.000000	2022-12-26 00:00:00.000000
ko04136	Autophagy - other	2022-12-26 00:00:00.000000	2022-12-26 00:00:00.000000
ko04137	Mitophagy - animal	2022-12-26 00:00:00.000000	2022-12-26 00:00:00.000000
ko04138	Autophagy - yeast	2022-12-26 00:00:00.000000	2022-12-26 00:00:00.000000
ko04139	Mitophagy - yeast	2022-12-26 00:00:00.000000	2022-12-26 00:00:00.000000
ko04140	Autophagy - animal	2022-12-26 00:00:00.000000	2022-12-26 00:00:00.000000
ko04141	Protein processing in endoplasmic reticulum	2022-12-26 00:00:00.000000	2022-12-26 00:00:00.000000
ko04142	Lysosome	2022-12-26 00:00:00.000000	2022-12-26 00:00:00.000000
ko04144	Endocytosis	2022-12-26 00:00:00.000000	2022-12-26 00:00:00.000000
ko04145	Phagosome	2022-12-26 00:00:00.000000	2022-12-26 00:00:00.000000
ko04146	Peroxisome	2022-12-26 00:00:00.000000	2022-12-26 00:00:00.000000
ko04147	Exosome	2022-12-26 00:00:00.000000	2022-12-26 00:00:00.000000
ko04148	Efferocytosis	2022-12-26 00:00:00.000000	2022-12-26 00:00:00.000000
ko04150	mTOR signaling pathway	2022-12-26 00:00:00.000000	2022-12-26 00:00:00.000000
ko04151	PI3K-Akt signaling pathway	2022-12-26 00:00:00.000000	2022-12-26 00:00:00.000000
ko04152	AMPK signaling pathway	2022-12-26 00:00:00.000000	2022-12-26 00:00:00.000000
ko04210	Apoptosis	2022-12-26 00:00:00.000000	2022-12-26 00:00:00.000000
ko04211	Longevity regulating pathway	2022-12-26 00:00:00.000000	2022-12-26 00:00:00.000000
ko04212	Longevity regulating pathway - worm	2022-12-26 00:00:00.000000	2022-12-26 00:00:00.000000
ko04213	Longevity regulating pathway - multiple species	2022-12-26 00:00:00.000000	2022-12-26 00:00:00.000000
ko04214	Apoptosis - fly	2022-12-26 00:00:00.000000	2022-12-26 00:00:00.000000
ko04215	Apoptosis - multiple species	2022-12-26 00:00:00.000000	2022-12-26 00:00:00.000000
ko04216	Ferroptosis	2022-12-26 00:00:00.000000	2022-12-26 00:00:00.000000
ko04217	Necroptosis	2022-12-26 00:00:00.000000	2022-12-26 00:00:00.000000
ko04218	Cellular senescence	2022-12-26 00:00:00.000000	2022-12-26 00:00:00.000000
ko04260	Cardiac muscle contraction	2022-12-26 00:00:00.000000	2022-12-26 00:00:00.000000
ko04261	Adrenergic signaling in cardiomyocytes	2022-12-26 00:00:00.000000	2022-12-26 00:00:00.000000
ko04270	Vascular smooth muscle contraction	2022-12-26 00:00:00.000000	2022-12-26 00:00:00.000000
ko04310	Wnt signaling pathway	2022-12-26 00:00:00.000000	2022-12-26 00:00:00.000000
ko04320	Dorso-ventral axis formation	2022-12-26 00:00:00.000000	2022-12-26 00:00:00.000000
ko04330	Notch signaling pathway	2022-12-26 00:00:00.000000	2022-12-26 00:00:00.000000
ko04340	Hedgehog signaling pathway	2022-12-26 00:00:00.000000	2022-12-26 00:00:00.000000
ko04341	Hedgehog signaling pathway - fly	2022-12-26 00:00:00.000000	2022-12-26 00:00:00.000000
ko04350	TGF-beta signaling pathway	2022-12-26 00:00:00.000000	2022-12-26 00:00:00.000000
ko04360	Axon guidance	2022-12-26 00:00:00.000000	2022-12-26 00:00:00.000000
ko04361	Axon regeneration	2022-12-26 00:00:00.000000	2022-12-26 00:00:00.000000
ko04370	VEGF signaling pathway	2022-12-26 00:00:00.000000	2022-12-26 00:00:00.000000
ko04371	Apelin signaling pathway	2022-12-26 00:00:00.000000	2022-12-26 00:00:00.000000
ko04380	Osteoclast differentiation	2022-12-26 00:00:00.000000	2022-12-26 00:00:00.000000
ko04390	Hippo signaling pathway	2022-12-26 00:00:00.000000	2022-12-26 00:00:00.000000
ko04391	Hippo signaling pathway - fly	2022-12-26 00:00:00.000000	2022-12-26 00:00:00.000000
ko04392	Hippo signaling pathway - multiple species	2022-12-26 00:00:00.000000	2022-12-26 00:00:00.000000
ko04510	Focal adhesion	2022-12-26 00:00:00.000000	2022-12-26 00:00:00.000000
ko04512	ECM-receptor interaction	2022-12-26 00:00:00.000000	2022-12-26 00:00:00.000000
ko04514	Cell adhesion molecules	2022-12-26 00:00:00.000000	2022-12-26 00:00:00.000000
ko04515	Cell adhesion molecules	2022-12-26 00:00:00.000000	2022-12-26 00:00:00.000000
ko04520	Adherens junction	2022-12-26 00:00:00.000000	2022-12-26 00:00:00.000000
ko04530	Tight junction	2022-12-26 00:00:00.000000	2022-12-26 00:00:00.000000
ko04540	Gap junction	2022-12-26 00:00:00.000000	2022-12-26 00:00:00.000000
ko04550	Signaling pathways regulating pluripotency of stem cells	2022-12-26 00:00:00.000000	2022-12-26 00:00:00.000000
ko04610	Complement and coagulation cascades	2022-12-26 00:00:00.000000	2022-12-26 00:00:00.000000
ko04611	Platelet activation	2022-12-26 00:00:00.000000	2022-12-26 00:00:00.000000
ko04612	Antigen processing and presentation	2022-12-26 00:00:00.000000	2022-12-26 00:00:00.000000
ko04613	Neutrophil extracellular trap formation	2022-12-26 00:00:00.000000	2022-12-26 00:00:00.000000
ko04614	Renin-angiotensin system	2022-12-26 00:00:00.000000	2022-12-26 00:00:00.000000
ko04620	Toll-like receptor signaling pathway	2022-12-26 00:00:00.000000	2022-12-26 00:00:00.000000
ko04621	NOD-like receptor signaling pathway	2022-12-26 00:00:00.000000	2022-12-26 00:00:00.000000
ko04622	RIG-I-like receptor signaling pathway	2022-12-26 00:00:00.000000	2022-12-26 00:00:00.000000
ko04623	Cytosolic DNA-sensing pathway	2022-12-26 00:00:00.000000	2022-12-26 00:00:00.000000
ko04624	Toll and Imd signaling pathway	2022-12-26 00:00:00.000000	2022-12-26 00:00:00.000000
ko04625	C-type lectin receptor signaling pathway	2022-12-26 00:00:00.000000	2022-12-26 00:00:00.000000
ko04626	Plant-pathogen interaction	2022-12-26 00:00:00.000000	2022-12-26 00:00:00.000000
ko04630	JAK-STAT signaling pathway	2022-12-26 00:00:00.000000	2022-12-26 00:00:00.000000
ko04640	Hematopoietic cell lineage	2022-12-26 00:00:00.000000	2022-12-26 00:00:00.000000
ko04650	Natural killer cell mediated cytotoxicity	2022-12-26 00:00:00.000000	2022-12-26 00:00:00.000000
ko04657	IL-17 signaling pathway	2022-12-26 00:00:00.000000	2022-12-26 00:00:00.000000
ko04658	Th1 and Th2 cell differentiation	2022-12-26 00:00:00.000000	2022-12-26 00:00:00.000000
ko04659	Th17 cell differentiation	2022-12-26 00:00:00.000000	2022-12-26 00:00:00.000000
ko04660	T cell receptor signaling pathway	2022-12-26 00:00:00.000000	2022-12-26 00:00:00.000000
ko04662	B cell receptor signaling pathway	2022-12-26 00:00:00.000000	2022-12-26 00:00:00.000000
ko04664	Fc epsilon RI signaling pathway	2022-12-26 00:00:00.000000	2022-12-26 00:00:00.000000
ko04666	Fc gamma R-mediated phagocytosis	2022-12-26 00:00:00.000000	2022-12-26 00:00:00.000000
ko04668	TNF signaling pathway	2022-12-26 00:00:00.000000	2022-12-26 00:00:00.000000
ko04670	Leukocyte transendothelial migration	2022-12-26 00:00:00.000000	2022-12-26 00:00:00.000000
ko04672	Intestinal immune network for IgA production	2022-12-26 00:00:00.000000	2022-12-26 00:00:00.000000
ko04710	Circadian rhythm	2022-12-26 00:00:00.000000	2022-12-26 00:00:00.000000
ko04711	Circadian rhythm - fly	2022-12-26 00:00:00.000000	2022-12-26 00:00:00.000000
ko04712	Circadian rhythm - plant	2022-12-26 00:00:00.000000	2022-12-26 00:00:00.000000
ko04713	Circadian entrainment	2022-12-26 00:00:00.000000	2022-12-26 00:00:00.000000
ko04714	Thermogenesis	2022-12-26 00:00:00.000000	2022-12-26 00:00:00.000000
ko04720	Long-term potentiation	2022-12-26 00:00:00.000000	2022-12-26 00:00:00.000000
ko04721	Synaptic vesicle cycle	2022-12-26 00:00:00.000000	2022-12-26 00:00:00.000000
ko04722	Neurotrophin signaling pathway	2022-12-26 00:00:00.000000	2022-12-26 00:00:00.000000
ko04723	Retrograde endocannabinoid signaling	2022-12-26 00:00:00.000000	2022-12-26 00:00:00.000000
ko04724	Glutamatergic synapse	2022-12-26 00:00:00.000000	2022-12-26 00:00:00.000000
ko04725	Cholinergic synapse	2022-12-26 00:00:00.000000	2022-12-26 00:00:00.000000
ko04726	Serotonergic synapse	2022-12-26 00:00:00.000000	2022-12-26 00:00:00.000000
ko04727	GABAergic synapse	2022-12-26 00:00:00.000000	2022-12-26 00:00:00.000000
ko04728	Dopaminergic synapse	2022-12-26 00:00:00.000000	2022-12-26 00:00:00.000000
ko04730	Long-term depression	2022-12-26 00:00:00.000000	2022-12-26 00:00:00.000000
ko04740	Olfactory transduction	2022-12-26 00:00:00.000000	2022-12-26 00:00:00.000000
ko04742	Taste transduction	2022-12-26 00:00:00.000000	2022-12-26 00:00:00.000000
ko04744	Phototransduction	2022-12-26 00:00:00.000000	2022-12-26 00:00:00.000000
ko04745	Phototransduction - fly	2022-12-26 00:00:00.000000	2022-12-26 00:00:00.000000
ko04750	Inflammatory mediator regulation of TRP channels	2022-12-26 00:00:00.000000	2022-12-26 00:00:00.000000
ko04810	Regulation of actin cytoskeleton	2022-12-26 00:00:00.000000	2022-12-26 00:00:00.000000
ko04812	Cytoskeleton proteins	2022-12-26 00:00:00.000000	2022-12-26 00:00:00.000000
ko04814	Motor proteins	2022-12-26 00:00:00.000000	2022-12-26 00:00:00.000000
ko04820	Cytoskeleton in muscle cells	2022-12-26 00:00:00.000000	2022-12-26 00:00:00.000000
ko04910	Insulin signaling pathway	2022-12-26 00:00:00.000000	2022-12-26 00:00:00.000000
ko04911	Insulin secretion	2022-12-26 00:00:00.000000	2022-12-26 00:00:00.000000
ko04912	GnRH signaling pathway	2022-12-26 00:00:00.000000	2022-12-26 00:00:00.000000
ko04913	Ovarian steroidogenesis	2022-12-26 00:00:00.000000	2022-12-26 00:00:00.000000
ko04914	Progesterone-mediated oocyte maturation	2022-12-26 00:00:00.000000	2022-12-26 00:00:00.000000
ko04915	Estrogen signaling pathway	2022-12-26 00:00:00.000000	2022-12-26 00:00:00.000000
ko04916	Melanogenesis	2022-12-26 00:00:00.000000	2022-12-26 00:00:00.000000
ko04917	Prolactin signaling pathway	2022-12-26 00:00:00.000000	2022-12-26 00:00:00.000000
ko04918	Thyroid hormone synthesis	2022-12-26 00:00:00.000000	2022-12-26 00:00:00.000000
ko04919	Thyroid hormone signaling pathway	2022-12-26 00:00:00.000000	2022-12-26 00:00:00.000000
ko04920	Adipocytokine signaling pathway	2022-12-26 00:00:00.000000	2022-12-26 00:00:00.000000
ko04921	Oxytocin signaling pathway	2022-12-26 00:00:00.000000	2022-12-26 00:00:00.000000
ko04922	Glucagon signaling pathway	2022-12-26 00:00:00.000000	2022-12-26 00:00:00.000000
ko04923	Regulation of lipolysis in adipocytes	2022-12-26 00:00:00.000000	2022-12-26 00:00:00.000000
ko04924	Renin secretion	2022-12-26 00:00:00.000000	2022-12-26 00:00:00.000000
ko04925	Aldosterone synthesis and secretion	2022-12-26 00:00:00.000000	2022-12-26 00:00:00.000000
ko04926	Relaxin signaling pathway	2022-12-26 00:00:00.000000	2022-12-26 00:00:00.000000
ko04927	Cortisol synthesis and secretion	2022-12-26 00:00:00.000000	2022-12-26 00:00:00.000000
ko04928	Parathyroid hormone synthesis, secretion and action	2022-12-26 00:00:00.000000	2022-12-26 00:00:00.000000
ko04929	GnRH secretion	2022-12-26 00:00:00.000000	2022-12-26 00:00:00.000000
ko04930	Type II diabetes mellitus	2022-12-26 00:00:00.000000	2022-12-26 00:00:00.000000
ko04931	Insulin resistance	2022-12-26 00:00:00.000000	2022-12-26 00:00:00.000000
ko04932	Non-alcoholic fatty liver disease	2022-12-26 00:00:00.000000	2022-12-26 00:00:00.000000
ko04933	AGE-RAGE signaling pathway in diabetic complications	2022-12-26 00:00:00.000000	2022-12-26 00:00:00.000000
ko04934	Cushing syndrome	2022-12-26 00:00:00.000000	2022-12-26 00:00:00.000000
ko04935	Growth hormone synthesis, secretion and action	2022-12-26 00:00:00.000000	2022-12-26 00:00:00.000000
ko04936	Alcoholic liver disease	2022-12-26 00:00:00.000000	2022-12-26 00:00:00.000000
ko04940	Type I diabetes mellitus	2022-12-26 00:00:00.000000	2022-12-26 00:00:00.000000
ko04950	Maturity onset diabetes of the young	2022-12-26 00:00:00.000000	2022-12-26 00:00:00.000000
ko04960	Aldosterone-regulated sodium reabsorption	2022-12-26 00:00:00.000000	2022-12-26 00:00:00.000000
ko04961	Endocrine and other factor-regulated calcium reabsorption	2022-12-26 00:00:00.000000	2022-12-26 00:00:00.000000
ko04962	Vasopressin-regulated water reabsorption	2022-12-26 00:00:00.000000	2022-12-26 00:00:00.000000
ko04964	Proximal tubule bicarbonate reclamation	2022-12-26 00:00:00.000000	2022-12-26 00:00:00.000000
ko04966	Collecting duct acid secretion	2022-12-26 00:00:00.000000	2022-12-26 00:00:00.000000
ko04970	Salivary secretion	2022-12-26 00:00:00.000000	2022-12-26 00:00:00.000000
ko04971	Gastric acid secretion	2022-12-26 00:00:00.000000	2022-12-26 00:00:00.000000
ko04972	Pancreatic secretion	2022-12-26 00:00:00.000000	2022-12-26 00:00:00.000000
ko04973	Carbohydrate digestion and absorption	2022-12-26 00:00:00.000000	2022-12-26 00:00:00.000000
ko04974	Protein digestion and absorption	2022-12-26 00:00:00.000000	2022-12-26 00:00:00.000000
ko04975	Fat digestion and absorption	2022-12-26 00:00:00.000000	2022-12-26 00:00:00.000000
ko04976	Bile secretion	2022-12-26 00:00:00.000000	2022-12-26 00:00:00.000000
ko04977	Vitamin digestion and absorption	2022-12-26 00:00:00.000000	2022-12-26 00:00:00.000000
ko04978	Mineral absorption	2022-12-26 00:00:00.000000	2022-12-26 00:00:00.000000
ko04979	Cholesterol metabolism	2022-12-26 00:00:00.000000	2022-12-26 00:00:00.000000
ko04980	Cobalamin transport and metabolism	2022-12-26 00:00:00.000000	2022-12-26 00:00:00.000000
ko04981	Folate transport and metabolism	2022-12-26 00:00:00.000000	2022-12-26 00:00:00.000000
ko04990	Domain-containing proteins not elsewhere classified	2022-12-26 00:00:00.000000	2022-12-26 00:00:00.000000
ko05010	Alzheimer disease	2022-12-26 00:00:00.000000	2022-12-26 00:00:00.000000
ko05012	Parkinson disease	2022-12-26 00:00:00.000000	2022-12-26 00:00:00.000000
ko05014	Amyotrophic lateral sclerosis	2022-12-26 00:00:00.000000	2022-12-26 00:00:00.000000
ko05016	Huntington disease	2022-12-26 00:00:00.000000	2022-12-26 00:00:00.000000
ko05017	Spinocerebellar ataxia	2022-12-26 00:00:00.000000	2022-12-26 00:00:00.000000
ko05020	Prion disease	2022-12-26 00:00:00.000000	2022-12-26 00:00:00.000000
ko05022	Pathways of neurodegeneration - multiple diseases	2022-12-26 00:00:00.000000	2022-12-26 00:00:00.000000
ko05030	Cocaine addiction	2022-12-26 00:00:00.000000	2022-12-26 00:00:00.000000
ko05031	Amphetamine addiction	2022-12-26 00:00:00.000000	2022-12-26 00:00:00.000000
ko05032	Morphine addiction	2022-12-26 00:00:00.000000	2022-12-26 00:00:00.000000
ko05033	Nicotine addiction	2022-12-26 00:00:00.000000	2022-12-26 00:00:00.000000
ko05034	Alcoholism	2022-12-26 00:00:00.000000	2022-12-26 00:00:00.000000
ko05100	Bacterial invasion of epithelial cells	2022-12-26 00:00:00.000000	2022-12-26 00:00:00.000000
ko05110	Vibrio cholerae infection	2022-12-26 00:00:00.000000	2022-12-26 00:00:00.000000
ko05111	Biofilm formation - Vibrio cholerae	2022-12-26 00:00:00.000000	2022-12-26 00:00:00.000000
ko05120	Epithelial cell signaling in Helicobacter pylori infection	2022-12-26 00:00:00.000000	2022-12-26 00:00:00.000000
ko05130	Pathogenic Escherichia coli infection	2022-12-26 00:00:00.000000	2022-12-26 00:00:00.000000
ko05131	Shigellosis	2022-12-26 00:00:00.000000	2022-12-26 00:00:00.000000
ko05132	Salmonella infection	2022-12-26 00:00:00.000000	2022-12-26 00:00:00.000000
ko05133	Pertussis	2022-12-26 00:00:00.000000	2022-12-26 00:00:00.000000
ko05134	Legionellosis	2022-12-26 00:00:00.000000	2022-12-26 00:00:00.000000
ko05135	Yersinia infection	2022-12-26 00:00:00.000000	2022-12-26 00:00:00.000000
ko05140	Leishmaniasis	2022-12-26 00:00:00.000000	2022-12-26 00:00:00.000000
ko05142	Chagas disease	2022-12-26 00:00:00.000000	2022-12-26 00:00:00.000000
ko05143	African trypanosomiasis	2022-12-26 00:00:00.000000	2022-12-26 00:00:00.000000
ko05144	Malaria	2022-12-26 00:00:00.000000	2022-12-26 00:00:00.000000
ko05145	Toxoplasmosis	2022-12-26 00:00:00.000000	2022-12-26 00:00:00.000000
ko05146	Amoebiasis	2022-12-26 00:00:00.000000	2022-12-26 00:00:00.000000
ko05150	Staphylococcus aureus infection	2022-12-26 00:00:00.000000	2022-12-26 00:00:00.000000
ko05152	Tuberculosis	2022-12-26 00:00:00.000000	2022-12-26 00:00:00.000000
ko05160	Hepatitis C	2022-12-26 00:00:00.000000	2022-12-26 00:00:00.000000
ko05161	Hepatitis B	2022-12-26 00:00:00.000000	2022-12-26 00:00:00.000000
ko05162	Measles	2022-12-26 00:00:00.000000	2022-12-26 00:00:00.000000
ko05163	Human cytomegalovirus infection	2022-12-26 00:00:00.000000	2022-12-26 00:00:00.000000
ko05164	Influenza A	2022-12-26 00:00:00.000000	2022-12-26 00:00:00.000000
ko05165	Human papillomavirus infection	2022-12-26 00:00:00.000000	2022-12-26 00:00:00.000000
ko05166	Human T-cell leukemia virus 1 infection	2022-12-26 00:00:00.000000	2022-12-26 00:00:00.000000
ko05167	Kaposi sarcoma-associated herpesvirus infection	2022-12-26 00:00:00.000000	2022-12-26 00:00:00.000000
ko05168	Herpes simplex virus 1 infection	2022-12-26 00:00:00.000000	2022-12-26 00:00:00.000000
ko05169	Epstein-Barr virus infection	2022-12-26 00:00:00.000000	2022-12-26 00:00:00.000000
ko05170	Human immunodeficiency virus 1 infection	2022-12-26 00:00:00.000000	2022-12-26 00:00:00.000000
ko05171	Coronavirus disease - COVID-19	2022-12-26 00:00:00.000000	2022-12-26 00:00:00.000000
ko05200	Pathways in cancer	2022-12-26 00:00:00.000000	2022-12-26 00:00:00.000000
ko05202	Transcriptional misregulation in cancer	2022-12-26 00:00:00.000000	2022-12-26 00:00:00.000000
ko05203	Viral carcinogenesis	2022-12-26 00:00:00.000000	2022-12-26 00:00:00.000000
ko05204	Chemical carcinogenesis - DNA adducts	2022-12-26 00:00:00.000000	2022-12-26 00:00:00.000000
ko05205	Proteoglycans in cancer	2022-12-26 00:00:00.000000	2022-12-26 00:00:00.000000
ko05206	MicroRNAs in cancer	2022-12-26 00:00:00.000000	2022-12-26 00:00:00.000000
ko05207	Chemical carcinogenesis - receptor activation	2022-12-26 00:00:00.000000	2022-12-26 00:00:00.000000
ko05208	Chemical carcinogenesis - reactive oxygen species	2022-12-26 00:00:00.000000	2022-12-26 00:00:00.000000
ko05210	Colorectal cancer	2022-12-26 00:00:00.000000	2022-12-26 00:00:00.000000
ko05211	Renal cell carcinoma	2022-12-26 00:00:00.000000	2022-12-26 00:00:00.000000
ko05212	Pancreatic cancer	2022-12-26 00:00:00.000000	2022-12-26 00:00:00.000000
ko05213	Endometrial cancer	2022-12-26 00:00:00.000000	2022-12-26 00:00:00.000000
ko05214	Glioma	2022-12-26 00:00:00.000000	2022-12-26 00:00:00.000000
ko05215	Prostate cancer	2022-12-26 00:00:00.000000	2022-12-26 00:00:00.000000
ko05216	Thyroid cancer	2022-12-26 00:00:00.000000	2022-12-26 00:00:00.000000
ko05217	Basal cell carcinoma	2022-12-26 00:00:00.000000	2022-12-26 00:00:00.000000
ko05218	Melanoma	2022-12-26 00:00:00.000000	2022-12-26 00:00:00.000000
ko05219	Bladder cancer	2022-12-26 00:00:00.000000	2022-12-26 00:00:00.000000
ko05220	Chronic myeloid leukemia	2022-12-26 00:00:00.000000	2022-12-26 00:00:00.000000
ko05221	Acute myeloid leukemia	2022-12-26 00:00:00.000000	2022-12-26 00:00:00.000000
ko05222	Small cell lung cancer	2022-12-26 00:00:00.000000	2022-12-26 00:00:00.000000
ko05223	Non-small cell lung cancer	2022-12-26 00:00:00.000000	2022-12-26 00:00:00.000000
ko05224	Breast cancer	2022-12-26 00:00:00.000000	2022-12-26 00:00:00.000000
ko05225	Hepatocellular carcinoma	2022-12-26 00:00:00.000000	2022-12-26 00:00:00.000000
ko05226	Gastric cancer	2022-12-26 00:00:00.000000	2022-12-26 00:00:00.000000
ko05230	Central carbon metabolism in cancer	2022-12-26 00:00:00.000000	2022-12-26 00:00:00.000000
ko05231	Choline metabolism in cancer	2022-12-26 00:00:00.000000	2022-12-26 00:00:00.000000
ko05235	PD-L1 expression and PD-1 checkpoint pathway in cancer	2022-12-26 00:00:00.000000	2022-12-26 00:00:00.000000
ko05310	Asthma	2022-12-26 00:00:00.000000	2022-12-26 00:00:00.000000
ko05320	Autoimmune thyroid disease	2022-12-26 00:00:00.000000	2022-12-26 00:00:00.000000
ko05321	Inflammatory bowel disease	2022-12-26 00:00:00.000000	2022-12-26 00:00:00.000000
ko05322	Systemic lupus erythematosus	2022-12-26 00:00:00.000000	2022-12-26 00:00:00.000000
ko05323	Rheumatoid arthritis	2022-12-26 00:00:00.000000	2022-12-26 00:00:00.000000
ko05330	Allograft rejection	2022-12-26 00:00:00.000000	2022-12-26 00:00:00.000000
ko05332	Graft-versus-host disease	2022-12-26 00:00:00.000000	2022-12-26 00:00:00.000000
ko05340	Primary immunodeficiency	2022-12-26 00:00:00.000000	2022-12-26 00:00:00.000000
ko05410	Hypertrophic cardiomyopathy	2022-12-26 00:00:00.000000	2022-12-26 00:00:00.000000
ko05412	Arrhythmogenic right ventricular cardiomyopathy	2022-12-26 00:00:00.000000	2022-12-26 00:00:00.000000
ko05414	Dilated cardiomyopathy	2022-12-26 00:00:00.000000	2022-12-26 00:00:00.000000
ko05415	Diabetic cardiomyopathy	2022-12-26 00:00:00.000000	2022-12-26 00:00:00.000000
ko05416	Viral myocarditis	2022-12-26 00:00:00.000000	2022-12-26 00:00:00.000000
ko05417	Lipid and atherosclerosis	2022-12-26 00:00:00.000000	2022-12-26 00:00:00.000000
ko05418	Fluid shear stress and atherosclerosis	2022-12-26 00:00:00.000000	2022-12-26 00:00:00.000000
ko09113	Global maps only	2022-12-26 00:00:00.000000	2022-12-26 00:00:00.000000
ko99973	Transcription	2022-12-26 00:00:00.000000	2022-12-26 00:00:00.000000
ko99974	Translation	2022-12-26 00:00:00.000000	2022-12-26 00:00:00.000000
ko99975	Protein processing	2022-12-26 00:00:00.000000	2022-12-26 00:00:00.000000
ko99976	Replication and repair	2022-12-26 00:00:00.000000	2022-12-26 00:00:00.000000
ko99977	Transport	2022-12-26 00:00:00.000000	2022-12-26 00:00:00.000000
ko99978	Cell growth	2022-12-26 00:00:00.000000	2022-12-26 00:00:00.000000
ko99979	Viral proteins	2022-12-26 00:00:00.000000	2022-12-26 00:00:00.000000
ko99980	Enzymes with EC numbers	2022-12-26 00:00:00.000000	2022-12-26 00:00:00.000000
ko99981	Carbohydrate metabolism	2022-12-26 00:00:00.000000	2022-12-26 00:00:00.000000
ko99982	Energy metabolism	2022-12-26 00:00:00.000000	2022-12-26 00:00:00.000000
ko99983	Lipid metabolism	2022-12-26 00:00:00.000000	2022-12-26 00:00:00.000000
ko99984	Nucleotide metabolism	2022-12-26 00:00:00.000000	2022-12-26 00:00:00.000000
ko99985	Amino acid metabolism	2022-12-26 00:00:00.000000	2022-12-26 00:00:00.000000
ko99986	Glycan metabolism	2022-12-26 00:00:00.000000	2022-12-26 00:00:00.000000
ko99987	Cofactor metabolism	2022-12-26 00:00:00.000000	2022-12-26 00:00:00.000000
ko99988	Secondary metabolism	2022-12-26 00:00:00.000000	2022-12-26 00:00:00.000000
ko99992	Structural proteins	2022-12-26 00:00:00.000000	2022-12-26 00:00:00.000000
ko99993	Cell motility	2022-12-26 00:00:00.000000	2022-12-26 00:00:00.000000
ko99994	Others	2022-12-26 00:00:00.000000	2022-12-26 00:00:00.000000
ko99995	Signaling proteins	2022-12-26 00:00:00.000000	2022-12-26 00:00:00.000000
ko99996	General function prediction only	2022-12-26 00:00:00.000000	2022-12-26 00:00:00.000000
ko99997	Function unknown	2022-12-26 00:00:00.000000	2022-12-26 00:00:00.000000
ko99998	Others	2022-12-26 00:00:00.000000	2022-12-26 00:00:00.000000
ko99999	Others	2022-12-26 00:00:00.000000	2022-12-26 00:00:00.000000
